{ "height":14,
 "layers":[
        {
         "data":[4, 18, 4, 4, 18, 4, 18, 2, 2, 2, 2, 2, 2, 2, 2, 2, 2, 17, 4, 4, 4, 4, 4, 4, 4, 18, 4, 4, 18, 4, 18, 2, 2, 2, 2, 2, 2, 2, 2, 2, 2, 17, 4, 4, 4, 4, 4, 4, 4, 18, 4, 4, 18, 4, 26, 2, 2, 2, 2, 2, 2, 2, 2, 2, 2, 25, 4, 4, 4, 4, 4, 4, 4, 18, 4, 4, 18, 18, 2, 2, 2, 7, 7, 2, 2, 2, 2, 2, 2, 2, 17, 4, 4, 4, 4, 4, 4, 4, 4, 4, 18, 26, 2, 2, 2, 17, 18, 2, 2, 2, 2, 2, 2, 2, 17, 4, 4, 4, 4, 4, 4, 4, 18, 4, 18, 2, 2, 2, 7, 17, 18, 2, 2, 2, 2, 2, 2, 2, 17, 4, 4, 4, 4, 4, 4, 4, 18, 4, 18, 2, 2, 2, 17, 18, 26, 2, 2, 2, 2, 2, 2, 2, 17, 4, 4, 4, 4, 4, 4, 4, 18, 4, 26, 2, 2, 2, 25, 26, 2, 2, 2, 2, 2, 2, 2, 7, 4, 4, 4, 4, 4, 4, 4, 4, 18, 2, 2, 2, 2, 2, 2, 2, 2, 2, 2, 2, 2, 2, 2, 17, 4, 4, 4, 4, 4, 4, 4, 4, 18, 2, 2, 2, 2, 2, 2, 2, 2, 2, 2, 2, 2, 2, 2, 17, 4, 4, 4, 4, 4, 4, 4, 4, 4, 7, 7, 7, 2, 2, 2, 2, 2, 2, 2, 2, 2, 2, 2, 17, 4, 4, 4, 4, 4, 4, 4, 4, 4, 4, 4, 18, 2, 2, 2, 2, 2, 2, 2, 2, 2, 2, 2, 25, 4, 4, 4, 4, 4, 4, 4, 4, 4, 4, 4, 18, 7, 7, 2, 2, 2, 2, 2, 2, 2, 2, 2, 2, 17, 4, 4, 4, 4, 4, 4, 4, 4, 4, 4, 18, 4, 18, 2, 2, 2, 2, 2, 2, 2, 2, 2, 2, 17, 4, 4, 4, 4, 4],
         "height":14,
         "name":"Tile Layer 1",
         "opacity":1,
         "type":"tilelayer",
         "visible":true,
         "width":24,
         "x":0,
         "y":0
        }, 
        {
         "draworder":"topdown",
         "height":14,
         "name":"entities",
         "objects":[],
         "opacity":1,
         "type":"objectgroup",
         "visible":true,
         "width":24,
         "x":0,
         "y":0
        }, 
        {
         "data":[0, 0, 0, 0, 0, 0, 0, 0, 0, 0, 0, 0, 0, 0, 0, 0, 0, 0, 0, 0, 0, 0, 0, 0, 0, 0, 0, 0, 0, 0, 0, 0, 0, 0, 0, 0, 0, 0, 0, 0, 0, 0, 0, 0, 0, 0, 0, 0, 0, 0, 0, 0, 0, 0, 0, 0, 0, 0, 0, 0, 0, 0, 0, 0, 0, 0, 0, 0, 0, 0, 0, 0, 0, 0, 0, 0, 0, 0, 0, 0, 0, 19, 21, 0, 0, 0, 0, 0, 0, 0, 0, 0, 0, 0, 0, 0, 0, 0, 21, 0, 0, 0, 0, 0, 0, 0, 0, 0, 0, 0, 0, 0, 0, 0, 0, 0, 0, 0, 0, 0, 0, 0, 0, 0, 0, 0, 0, 0, 19, 21, 0, 0, 0, 0, 0, 0, 0, 0, 0, 0, 0, 0, 0, 0, 0, 0, 0, 0, 0, 0, 0, 0, 0, 0, 0, 0, 0, 0, 0, 0, 0, 0, 0, 0, 0, 0, 0, 0, 0, 0, 0, 0, 0, 0, 0, 0, 0, 0, 0, 0, 0, 0, 0, 0, 0, 19, 0, 0, 0, 0, 0, 0, 0, 0, 0, 0, 0, 0, 0, 0, 0, 0, 0, 0, 0, 0, 0, 0, 0, 0, 0, 0, 0, 0, 0, 0, 0, 0, 0, 0, 0, 0, 0, 0, 0, 0, 0, 0, 0, 0, 0, 0, 0, 0, 0, 0, 0, 0, 0, 0, 0, 0, 0, 20, 20, 21, 0, 0, 0, 0, 0, 0, 0, 0, 0, 0, 0, 0, 0, 0, 0, 0, 0, 0, 0, 0, 0, 0, 0, 0, 0, 0, 0, 0, 0, 0, 0, 0, 0, 0, 0, 0, 0, 0, 0, 0, 0, 0, 0, 0, 0, 0, 0, 0, 20, 21, 0, 0, 0, 0, 0, 0, 0, 0, 0, 0, 0, 0, 0, 0, 0, 0, 0, 0, 0, 0, 0, 0, 0, 0, 0, 0, 0, 0, 0, 0, 0, 0, 0, 0, 0, 0, 0, 0, 0, 0],
         "height":14,
         "name":"layer2",
         "opacity":1,
         "type":"tilelayer",
         "visible":true,
         "width":24,
         "x":0,
         "y":0
        }],
 "nextobjectid":3,
 "orientation":"orthogonal",
 "properties":
    {

    },
 "renderorder":"right-down",
 "tileheight":32,
 "tilesets":[
        {
         "columns":8,
         "firstgid":1,
         "image":"..\/img\/temp_tiles.png",
         "imageheight":128,
         "imagewidth":256,
         "margin":0,
         "name":"temp_tiles",
         "properties":
            {

            },
         "spacing":0,
         "tilecount":32,
         "tileheight":32,
         "tileproperties":
            {
             "3":
                {
                 "worldX":"0",
                 "worldY":"0"
                }
            },
         "tilewidth":32
        }],
 "tilewidth":32,
 "version":1,
 "width":24
}