{ "height":14,
 "layers":[
        {
         "data":[4, 4, 4, 18, 4, 18, 4, 18, 2, 2, 2, 2, 2, 2, 2, 2, 2, 2, 25, 3, 3, 17, 4, 4, 4, 4, 4, 18, 4, 18, 4, 26, 2, 2, 2, 2, 2, 2, 2, 2, 2, 2, 2, 2, 2, 17, 4, 4, 4, 4, 4, 18, 4, 18, 26, 2, 2, 2, 2, 2, 2, 2, 2, 2, 2, 2, 2, 2, 2, 25, 4, 4, 4, 4, 4, 18, 4, 18, 2, 2, 2, 2, 2, 2, 2, 2, 2, 2, 2, 2, 2, 2, 2, 2, 17, 4, 4, 4, 4, 18, 4, 26, 2, 2, 2, 2, 2, 2, 2, 2, 2, 2, 2, 2, 2, 2, 2, 2, 17, 4, 4, 4, 18, 18, 26, 2, 2, 2, 2, 2, 2, 2, 2, 2, 2, 2, 2, 2, 2, 2, 2, 2, 17, 4, 4, 4, 18, 26, 2, 2, 2, 2, 2, 2, 2, 2, 2, 2, 2, 2, 2, 2, 2, 2, 2, 2, 17, 4, 4, 4, 18, 2, 2, 2, 2, 2, 2, 2, 2, 2, 2, 2, 2, 2, 2, 2, 2, 2, 2, 2, 17, 4, 4, 4, 18, 2, 2, 2, 2, 2, 2, 2, 2, 2, 2, 2, 2, 2, 2, 2, 2, 2, 2, 2, 17, 4, 4, 4, 18, 2, 2, 2, 2, 2, 2, 2, 2, 2, 2, 2, 2, 2, 2, 2, 2, 2, 2, 2, 17, 4, 4, 4, 4, 7, 7, 2, 2, 2, 2, 2, 2, 2, 2, 2, 2, 2, 2, 2, 2, 2, 2, 6, 6, 4, 4, 4, 4, 4, 4, 7, 7, 7, 2, 2, 2, 2, 2, 2, 2, 2, 2, 2, 2, 5, 5, 6, 6, 4, 4, 4, 4, 4, 4, 4, 4, 4, 7, 7, 7, 7, 7, 7, 2, 2, 2, 2, 5, 5, 5, 6, 6, 4, 4, 4, 4, 4, 4, 4, 4, 4, 4, 4, 4, 4, 4, 4, 7, 7, 7, 6, 6, 6, 6, 6, 6, 4],
         "height":14,
         "name":"Tile Layer 1",
         "opacity":1,
         "type":"tilelayer",
         "visible":true,
         "width":24,
         "x":0,
         "y":0
        }, 
        {
         "draworder":"topdown",
         "height":14,
         "name":"entities",
         "objects":[
                {
                 "height":0,
                 "id":10,
                 "name":"pendant",
                 "properties":
                    {
                     "condType":"lessEqual",
                     "condVal":"0",
                     "condition":"pendant",
                     "overlap":"pickup",
                     "pickupVar":"pendant"
                    },
                 "propertytypes":
                    {
                     "condType":"string",
                     "condVal":"string",
                     "condition":"string",
                     "overlap":"string",
                     "pickupVar":"string"
                    },
                 "rotation":0,
                 "type":"",
                 "visible":true,
                 "width":0,
                 "x":376,
                 "y":152
                }],
         "opacity":1,
         "type":"objectgroup",
         "visible":true,
         "width":24,
         "x":0,
         "y":0
        }, 
        {
         "data":[0, 0, 0, 0, 0, 0, 0, 0, 0, 0, 0, 0, 0, 0, 0, 0, 0, 0, 0, 0, 0, 0, 0, 0, 0, 0, 0, 0, 0, 0, 0, 0, 0, 0, 0, 0, 0, 0, 0, 0, 0, 0, 0, 0, 0, 0, 0, 0, 0, 0, 0, 0, 0, 0, 0, 0, 0, 0, 0, 0, 0, 0, 0, 0, 0, 0, 0, 0, 0, 0, 19, 20, 0, 0, 0, 0, 0, 0, 0, 0, 0, 0, 0, 0, 0, 0, 0, 0, 0, 0, 0, 0, 0, 0, 0, 0, 20, 20, 21, 0, 0, 0, 0, 0, 0, 0, 0, 0, 0, 0, 0, 0, 0, 0, 0, 0, 0, 0, 0, 0, 0, 0, 0, 0, 0, 0, 0, 0, 0, 0, 0, 0, 0, 0, 0, 0, 0, 0, 0, 0, 0, 0, 0, 0, 0, 0, 0, 0, 0, 0, 0, 0, 0, 0, 0, 0, 0, 0, 0, 0, 0, 0, 0, 0, 0, 0, 0, 0, 0, 0, 0, 0, 0, 0, 0, 0, 0, 0, 0, 0, 0, 0, 0, 0, 0, 0, 0, 0, 0, 0, 0, 0, 0, 0, 0, 0, 0, 0, 0, 0, 0, 0, 0, 0, 0, 0, 0, 0, 0, 0, 0, 0, 0, 0, 0, 0, 0, 0, 0, 0, 0, 0, 0, 0, 0, 0, 0, 0, 0, 0, 0, 0, 0, 0, 0, 0, 0, 0, 0, 0, 0, 0, 0, 20, 21, 0, 0, 0, 0, 0, 0, 0, 0, 0, 0, 0, 0, 0, 0, 0, 0, 0, 0, 0, 0, 0, 0, 0, 0, 20, 20, 21, 0, 0, 0, 0, 0, 0, 0, 0, 0, 0, 0, 0, 0, 0, 0, 0, 0, 0, 0, 0, 0, 0, 0, 0, 20, 20, 20, 20, 20, 21, 0, 0, 0, 0, 0, 0, 0, 0, 0, 0, 0, 0, 0, 0, 0, 0, 0, 0, 0, 0, 0, 0, 0, 0, 20, 20, 20, 0, 0, 0, 0, 0, 0, 0],
         "height":14,
         "name":"layer2",
         "opacity":1,
         "type":"tilelayer",
         "visible":true,
         "width":24,
         "x":0,
         "y":0
        }],
 "nextobjectid":11,
 "orientation":"orthogonal",
 "renderorder":"right-down",
 "tileheight":32,
 "tilesets":[
        {
         "columns":8,
         "firstgid":1,
         "image":"..\/img\/temp_tiles.png",
         "imageheight":128,
         "imagewidth":256,
         "margin":0,
         "name":"temp_tiles",
         "spacing":0,
         "tilecount":32,
         "tileheight":32,
         "tileproperties":
            {
             "0":
                {
                 "condType":"equal",
                 "condVal":"0",
                 "condition":"pendant"
                },
             "3":
                {
                 "worldX":"0",
                 "worldY":"0"
                }
            },
         "tilepropertytypes":
            {
             "0":
                {
                 "condType":"string",
                 "condVal":"string",
                 "condition":"string"
                },
             "3":
                {
                 "worldX":"string",
                 "worldY":"string"
                }
            },
         "tilewidth":32
        }],
 "tilewidth":32,
 "version":1,
 "width":24
}