{ "height":14,
 "layers":[
        {
         "data":[18, 4, 18, 2, 2, 2, 2, 2, 2, 2, 2, 2, 2, 2, 2, 2, 25, 3, 3, 3, 3, 3, 3, 3, 18, 4, 18, 7, 2, 2, 2, 2, 2, 2, 2, 2, 2, 2, 2, 2, 2, 2, 2, 2, 2, 2, 2, 2, 18, 3, 26, 26, 2, 2, 2, 2, 2, 2, 2, 2, 2, 2, 2, 8, 2, 8, 2, 2, 2, 2, 8, 2, 26, 2, 2, 2, 2, 2, 2, 2, 2, 2, 2, 2, 2, 8, 8, 2, 8, 8, 8, 8, 2, 8, 2, 2, 2, 2, 2, 2, 2, 2, 2, 2, 2, 2, 2, 2, 8, 2, 8, 8, 8, 8, 8, 2, 8, 8, 2, 2, 2, 2, 2, 2, 2, 2, 2, 2, 2, 2, 2, 2, 8, 2, 8, 8, 8, 8, 8, 8, 8, 8, 8, 2, 2, 2, 2, 2, 2, 2, 2, 2, 2, 2, 2, 2, 2, 8, 8, 8, 8, 8, 8, 8, 8, 8, 2, 2, 2, 2, 2, 2, 2, 2, 2, 2, 2, 2, 2, 2, 2, 8, 8, 8, 8, 8, 8, 8, 8, 8, 2, 2, 2, 2, 2, 2, 2, 2, 2, 2, 2, 2, 2, 2, 2, 2, 8, 2, 8, 8, 8, 8, 8, 2, 2, 2, 7, 2, 2, 2, 2, 2, 2, 2, 2, 2, 2, 2, 2, 2, 2, 2, 8, 8, 8, 8, 2, 2, 8, 2, 4, 7, 2, 2, 2, 2, 2, 2, 2, 2, 2, 2, 2, 2, 2, 8, 2, 2, 2, 8, 8, 8, 2, 2, 4, 18, 7, 7, 7, 2, 2, 2, 2, 2, 2, 2, 2, 2, 2, 2, 2, 2, 2, 2, 2, 2, 2, 2, 4, 18, 4, 4, 18, 7, 2, 2, 2, 2, 2, 2, 2, 2, 2, 2, 2, 2, 2, 2, 2, 2, 2, 2, 4, 18, 4, 4, 18, 4, 7, 7, 2, 2, 2, 2, 2, 2, 2, 2, 2, 7, 7, 7, 7, 7, 7, 7],
         "height":14,
         "name":"Tile Layer 1",
         "opacity":1,
         "type":"tilelayer",
         "visible":true,
         "width":24,
         "x":0,
         "y":0
        }, 
        {
         "draworder":"topdown",
         "height":14,
         "name":"entities",
         "objects":[
                {
                 "height":0,
                 "id":1,
                 "name":"mom",
                 "properties":
                    {
                     "condType":"lessEqual",
                     "condVal":"6",
                     "condition":"mom"
                    },
                 "rotation":0,
                 "type":"NPC",
                 "visible":true,
                 "width":0,
                 "x":144,
                 "y":120
                }, 
                {
                 "height":0,
                 "id":3,
                 "name":"dad",
                 "properties":
                    {
                     "condType":"lessEqual",
                     "condVal":"6",
                     "condition":"mom"
                    },
                 "rotation":0,
                 "type":"NPC",
                 "visible":true,
                 "width":0,
                 "x":196,
                 "y":119
                }, 
                {
                 "height":0,
                 "id":5,
                 "name":"pa",
                 "properties":
                    {
                     "condType":"lessEqual",
                     "condVal":"6",
                     "condition":"mom"
                    },
                 "rotation":0,
                 "type":"NPC",
                 "visible":true,
                 "width":0,
                 "x":845,
                 "y":-55
                }, 
                {
                 "height":0,
                 "id":6,
                 "name":"shaman",
                 "properties":
                    {
                     "condType":"lessEqual",
                     "condVal":"6",
                     "condition":"mom"
                    },
                 "rotation":0,
                 "type":"NPC",
                 "visible":true,
                 "width":0,
                 "x":-59,
                 "y":597
                }],
         "opacity":1,
         "type":"objectgroup",
         "visible":true,
         "width":24,
         "x":0,
         "y":0
        }, 
        {
         "data":[0, 0, 0, 0, 0, 0, 0, 0, 0, 0, 0, 0, 0, 0, 0, 0, 0, 0, 0, 0, 0, 0, 0, 0, 0, 0, 0, 21, 0, 0, 0, 0, 0, 0, 0, 0, 0, 0, 0, 0, 0, 0, 0, 0, 0, 0, 0, 0, 0, 0, 0, 0, 0, 0, 0, 0, 0, 0, 0, 0, 0, 0, 0, 0, 0, 0, 0, 0, 0, 0, 0, 0, 0, 0, 0, 0, 0, 0, 0, 0, 0, 0, 0, 0, 0, 0, 0, 0, 0, 0, 0, 0, 0, 0, 0, 0, 0, 0, 0, 0, 0, 0, 0, 0, 0, 0, 0, 0, 0, 0, 0, 0, 0, 0, 0, 0, 0, 0, 0, 0, 0, 0, 0, 0, 0, 0, 0, 0, 0, 0, 0, 0, 0, 0, 0, 0, 0, 0, 0, 0, 0, 0, 0, 0, 0, 0, 0, 0, 0, 0, 0, 0, 0, 0, 0, 0, 0, 0, 0, 0, 0, 0, 0, 0, 0, 0, 0, 0, 0, 0, 0, 0, 0, 0, 0, 0, 0, 0, 0, 0, 0, 0, 0, 0, 0, 0, 0, 0, 0, 0, 0, 0, 0, 0, 0, 0, 0, 0, 0, 0, 0, 0, 0, 0, 0, 0, 0, 0, 0, 0, 0, 0, 0, 0, 0, 0, 21, 0, 0, 0, 0, 0, 0, 0, 0, 0, 0, 0, 0, 0, 0, 0, 0, 0, 0, 0, 0, 0, 0, 0, 0, 21, 0, 0, 0, 0, 0, 0, 0, 0, 0, 0, 0, 0, 0, 0, 0, 0, 0, 0, 0, 0, 0, 0, 0, 0, 20, 20, 21, 0, 0, 0, 0, 0, 0, 0, 0, 0, 0, 0, 0, 0, 0, 0, 0, 0, 0, 0, 0, 0, 0, 0, 0, 21, 0, 0, 0, 0, 0, 0, 0, 0, 0, 0, 0, 0, 0, 0, 0, 0, 0, 0, 0, 0, 0, 0, 0, 0, 21, 0, 0, 0, 0, 0, 0, 0, 0, 0, 0, 19, 20, 20, 20, 20, 20, 20],
         "height":14,
         "name":"layer2",
         "opacity":1,
         "type":"tilelayer",
         "visible":true,
         "width":24,
         "x":0,
         "y":0
        }],
 "nextobjectid":7,
 "orientation":"orthogonal",
 "properties":
    {

    },
 "renderorder":"right-down",
 "tileheight":32,
 "tilesets":[
        {
         "columns":8,
         "firstgid":1,
         "image":"..\/img\/temp_tiles.png",
         "imageheight":128,
         "imagewidth":256,
         "margin":0,
         "name":"temp_tiles",
         "properties":
            {

            },
         "spacing":0,
         "tilecount":32,
         "tileheight":32,
         "tileproperties":
            {
             "3":
                {
                 "worldX":"0",
                 "worldY":"0"
                }
            },
         "tilewidth":32
        }],
 "tilewidth":32,
 "version":1,
 "width":24
}