{ "height":14,
 "layers":[
        {
         "data":[3, 3, 3, 3, 3, 3, 3, 3, 3, 3, 3, 3, 3, 3, 3, 3, 3, 3, 3, 3, 3, 3, 3, 4, 2, 2, 2, 2, 2, 2, 2, 2, 2, 2, 2, 2, 2, 2, 2, 2, 2, 2, 2, 7, 7, 7, 2, 4, 2, 7, 7, 7, 7, 2, 2, 2, 2, 2, 2, 2, 2, 7, 7, 7, 2, 2, 2, 7, 7, 7, 2, 4, 2, 7, 7, 7, 7, 2, 2, 2, 2, 2, 2, 2, 2, 7, 7, 7, 2, 2, 2, 2, 2, 2, 2, 4, 2, 2, 2, 2, 2, 2, 2, 2, 2, 2, 2, 2, 2, 2, 2, 2, 2, 2, 2, 2, 2, 2, 2, 4, 2, 2, 2, 2, 2, 2, 2, 2, 2, 2, 2, 2, 2, 2, 2, 2, 2, 2, 2, 2, 2, 2, 2, 4, 2, 2, 2, 2, 2, 2, 2, 2, 2, 2, 2, 2, 2, 7, 7, 7, 2, 2, 2, 2, 2, 2, 2, 4, 2, 2, 2, 2, 2, 7, 7, 7, 7, 2, 2, 2, 2, 7, 7, 7, 2, 2, 2, 2, 2, 2, 2, 4, 2, 2, 2, 2, 2, 7, 7, 7, 7, 2, 2, 2, 2, 2, 2, 2, 2, 2, 2, 2, 2, 2, 2, 4, 2, 2, 2, 2, 2, 2, 2, 2, 2, 2, 2, 2, 2, 2, 2, 2, 2, 2, 2, 2, 2, 2, 2, 4, 2, 2, 2, 2, 2, 2, 2, 2, 2, 2, 2, 2, 2, 2, 2, 2, 7, 7, 7, 7, 7, 2, 2, 4, 2, 2, 2, 2, 2, 2, 2, 2, 2, 2, 2, 2, 2, 2, 2, 2, 7, 7, 7, 7, 7, 2, 2, 4, 2, 2, 2, 2, 2, 2, 2, 2, 2, 2, 2, 2, 2, 2, 2, 2, 2, 2, 2, 2, 2, 2, 2, 4, 4, 4, 4, 4, 4, 4, 4, 4, 4, 4, 4, 4, 4, 4, 4, 4, 4, 4, 4, 4, 4, 4, 4, 4],
         "height":14,
         "name":"Tile Layer 1",
         "opacity":1,
         "type":"tilelayer",
         "visible":true,
         "width":24,
         "x":0,
         "y":0
        }, 
        {
         "draworder":"topdown",
         "height":14,
         "name":"entities",
         "objects":[
                {
                 "height":28,
                 "id":3,
                 "name":"npc5",
                 "rotation":0,
                 "type":"NPC",
                 "visible":true,
                 "width":26,
                 "x":800,
                 "y":210
                }, 
                {
                 "height":1,
                 "id":5,
                 "name":"",
                 "rotation":0,
                 "type":"",
                 "visible":true,
                 "width":0,
                 "x":293,
                 "y":123
                }, 
                {
                 "height":28,
                 "id":6,
                 "name":"npc4",
                 "rotation":0,
                 "type":"NPC",
                 "visible":true,
                 "width":26,
                 "x":431,
                 "y":-48
                }, 
                {
                 "height":28,
                 "id":7,
                 "name":"npc3",
                 "rotation":0,
                 "type":"NPC",
                 "visible":true,
                 "width":26,
                 "x":323,
                 "y":-48
                }, 
                {
                 "height":28,
                 "id":8,
                 "name":"shaman",
                 "properties":
                    {
                     "condType":"greaterEqual",
                     "condVal":"6",
                     "condition":"mom"
                    },
                 "propertytypes":
                    {
                     "condType":"string",
                     "condVal":"string",
                     "condition":"string"
                    },
                 "rotation":0,
                 "type":"NPC",
                 "visible":true,
                 "width":26,
                 "x":98,
                 "y":350
                }, 
                {
                 "height":28,
                 "id":9,
                 "name":"npc2",
                 "rotation":0,
                 "type":"NPC",
                 "visible":true,
                 "width":26,
                 "x":212,
                 "y":-43
                }, 
                {
                 "height":28,
                 "id":10,
                 "name":"npc1",
                 "rotation":0,
                 "type":"NPC",
                 "visible":true,
                 "width":26,
                 "x":93,
                 "y":-58
                }],
         "opacity":1,
         "type":"objectgroup",
         "visible":true,
         "width":24,
         "x":0,
         "y":0
        }, 
        {
         "data":[0, 0, 0, 0, 0, 0, 0, 0, 0, 0, 0, 0, 0, 0, 0, 0, 0, 0, 0, 0, 0, 0, 0, 0, 0, 0, 0, 0, 0, 0, 0, 0, 0, 0, 0, 0, 0, 0, 0, 0, 0, 0, 0, 14, 15, 16, 0, 0, 0, 14, 15, 15, 16, 0, 0, 0, 0, 0, 0, 0, 0, 14, 15, 16, 0, 0, 0, 9, 10, 13, 0, 0, 0, 9, 10, 12, 13, 0, 0, 0, 0, 0, 0, 0, 0, 9, 10, 13, 0, 0, 0, 0, 0, 0, 0, 0, 0, 0, 0, 0, 0, 0, 0, 0, 0, 0, 0, 0, 0, 0, 0, 0, 0, 0, 0, 0, 0, 0, 0, 0, 0, 0, 0, 0, 0, 0, 0, 0, 0, 0, 0, 0, 0, 0, 0, 0, 0, 0, 0, 0, 0, 0, 0, 0, 0, 0, 0, 0, 0, 0, 0, 0, 0, 0, 0, 0, 0, 14, 15, 16, 0, 0, 0, 0, 0, 0, 0, 0, 0, 0, 0, 0, 0, 14, 15, 15, 16, 0, 0, 0, 0, 9, 10, 13, 0, 0, 0, 0, 0, 0, 0, 0, 0, 0, 0, 0, 0, 9, 12, 10, 13, 0, 0, 0, 0, 0, 0, 0, 0, 0, 0, 0, 0, 0, 0, 0, 0, 0, 0, 0, 0, 0, 0, 0, 0, 0, 0, 0, 0, 0, 0, 0, 0, 0, 0, 0, 0, 0, 0, 0, 0, 0, 0, 0, 0, 0, 0, 0, 0, 0, 0, 0, 0, 0, 0, 0, 14, 15, 15, 15, 16, 0, 0, 0, 0, 0, 0, 0, 0, 0, 0, 0, 0, 0, 0, 0, 0, 0, 0, 0, 9, 10, 12, 11, 13, 0, 0, 0, 0, 0, 0, 0, 0, 0, 0, 0, 0, 0, 0, 0, 0, 0, 0, 0, 0, 0, 0, 0, 0, 0, 0, 0, 0, 0, 0, 0, 0, 0, 0, 0, 0, 0, 0, 0, 0, 0, 0, 0, 0, 0, 0, 0, 0, 0, 0, 0],
         "height":14,
         "name":"layer2",
         "opacity":1,
         "type":"tilelayer",
         "visible":true,
         "width":24,
         "x":0,
         "y":0
        }],
 "nextobjectid":11,
 "orientation":"orthogonal",
 "renderorder":"right-down",
 "tileheight":32,
 "tilesets":[
        {
         "columns":8,
         "firstgid":1,
         "image":"..\/img\/temp_tiles.png",
         "imageheight":128,
         "imagewidth":256,
         "margin":0,
         "name":"temp_tiles",
         "spacing":0,
         "tilecount":32,
         "tileheight":32,
         "tileproperties":
            {
             "3":
                {
                 "worldX":"0",
                 "worldY":"0"
                }
            },
         "tilepropertytypes":
            {
             "3":
                {
                 "worldX":"string",
                 "worldY":"string"
                }
            },
         "tilewidth":32
        }],
 "tilewidth":32,
 "version":1,
 "width":24
}