{
  "mom": [
    {
      "text": "Lucy, thank goodness you are ok!",
      "condition": "mom",
      "condType": "equal",
      "condValue": "0",
      "talkNext": "dad",
      "advances": "mom"
    },
    {
      "text": "Lucy, why must you always make such a racket?! Get home and we will discuss your insolence later!",
      "condition": "mom",
      "condType": "equal",
      "condValue": "1",
      "talkNext": "lucy",
      "advances": "mom"
    },
    {
      "text": "No buts, home now",
      "condition": "mom",
      "condType": "equal",
      "condValue": "2",
      "talkNext": "mom",
      "advances": "mom"
    },
    {
      "text": null,
      "condition": "mom",
      "condType": "equal",
      "condValue": "3",
      "talkNext": null,
      "advances": "mom"
    },
    {
      "action": "exit",
      "condition": "mom",
      "condType": "equal",
      "condValue": "4",
      "advances": "mom"
    }
  ],
  "dad": [
    {
      "text": null,
      "condition": "mom",
      "condType": "lessEqual",
      "condValue": "0",
      "talkNext": "mom"
    },
    {
      "text": "We were so worried! Did you see the dragon?!",
      "condition": "dad",
      "condType": "equal",
      "condValue": "0",
      "talkNext": "lucy",
      "advances": "dad"
    },
    {
      "text": "Yes, it has attacked a field of cattle outside of town. Killed almost half the herd!",
      "condition": "pa",
      "condType": "equal",
      "condValue": "3",
      "talkNext": "pa",
      "advances": "dad"
    },
    {
      "action": "exit",
      "condition": "mom",
      "condType": "equal",
      "condValue": "5",
      "advances": "mom"
    }
  ],
  "lucy": [
    {
      "text": "Dragon? Mom, dad, what dragon?! What are you talking about!",
      "condition": "dad",
      "condType": "equal",
      "condValue": "1",
      "talkNext": "pa",
      "advances": "pa"
    },
    {
      "text": "But how many dragons have you killed? And where exactly are you from? Why should we listen to you over our shaman?!",
      "condition": "pa",
      "condType": "equal",
      "condValue": "5",
      "talkNext": "pa",
      "advances": "pa"
    },
    {
      "text": "But mother!",
      "condition": "mom",
      "condType": "equal",
      "condValue": "2",
      "talkNext": "mom",
      "advances": "shaman"
    },
    {
      "text": "What are we going to do? If the dragon comes here, it will destroy the village! There has to be another way.",
      "condition": "shaman",
      "condType": "equal",
      "condValue": "5",
      "talkNext": "shaman",
      "advances": "shaman"
    },
    {
      "text": "What do you need of me?",
      "condition": "shaman",
      "condType": "equal",
      "condValue": "8",
      "talkNext": "shaman",
      "advances": "shaman"
    },
    {
      "text": "No!! I am not here to kill you! I am just here as my town is scared after you came for the herd.",
      "condition": "pendant",
      "condType": "equal",
      "condValue": "2",
      "advances": "pendant",
      "talkNext": "dragon"
    },
    {
      "text": "Well, will you travel with me, and we can see if we can find a way to destroy this evil together. If I explain to my Shaman what is going on, I am sure we can make an arrangement.",
      "condition": "pendant",
      "condType": "equal",
      "condValue": "4",
      "advances": "pendant",
      "talkNext": "dragon"
    }
  ],
  "pa": [
    {
      "action": "arrive",
      "condition": "pa",
      "condType": "equal",
      "condValue": "1",
      "advances": "pa"
    },
    {
      "text": "Greeting, good citizens of Town of Sandwich! My name is Sir Bob, and I have been tracking a most vile creature, a dragon, across the lands, and it has brought me to your humble town. Can I assume, from the burn marks that I see, that this dragon is indeed in the area?",
      "condition": "pa",
      "condType": "equal",
      "condValue": "2",
      "talkNext": "dad",
      "advances": "pa"
    },
    {
      "text": "I am sorry to hear that, but lucky for you I am a dragon knight from a far away land, and I can take care of this dragon for you.",
      "condition": "pa",
      "condType": "equal",
      "condValue": "3",
      "talkNext": "pa",
      "advances": "pa"
    },
    {
      "text": "Of course, dragon hunting is a hard and expensive job. I would need some sort of compensation for this task…..",
      "condition": "pa",
      "condType": "equal",
      "condValue": "4",
      "talkNext": "shaman",
      "advances": "shaman"
    },
    {
      "action": "moveright",
      "condition": "shaman",
      "condType": "equal",
      "condValue": "2",
      "advances": "shaman"
    },
    {
      "text": "CITIZENS!!!! This beast will destroy your homes and eat your children! Can you really afford not to have me take care of this beast! I am dragon knight, and this is what I do",
      "condition": "pa",
      "condType": "equal",
      "condValue": "5",
      "talkNext": "lucy",
      "advances": "lucy"
    },
    {
      "text": "Where are the parents of this...this girl?!  Who lets her speak to a knight with such disrespect?",
      "condition": "pa",
      "condType": "equal",
      "condValue": "6",
      "talkNext": "mom",
      "advances": "lucy"
    },
    {
      "action": "exit",
      "condition": "mom",
      "condType": "equal",
      "condValue": "6",
      "advances": "mom"
    }
  ],
  "shaman": [
    {
      "action": "arrive",
      "condition": "shaman",
      "condType": "equal",
      "condValue": "1",
      "advances": "shaman"
    },
    {
      "text": "Please, please everyone, I need to you calm down. I have studied dragons ever since I was a young girl there has to be a reasonable explain . . .",
      "condition": "shaman",
      "condType": "equal",
      "condValue": "3",
      "talkNext": "pa",
      "advances": "pa"
    },
    {
      "action": "exit",
      "condition": "mom",
      "condType": "equal",
      "condValue": "7",
      "advances": "mom"
    },
    {
      "text": "Oh child, thank goodness you are here. That stupid fool out there is going to get this town destroyed and no one is listening.",
      "condition": "shaman",
      "condType": "equal",
      "condValue": "4",
      "talkNext": "lucy",
      "advances": "shaman"
    },
    {
      "text": "You are right, child. And what no one was willing to hear is that dragons rarely come near populated areas. They tend to hunt away from people, for they are intelligent creatures and know that if they stay out of sight, they will usually be left in peace. Something dire must have happened for it to come this close to our village for food.",
      "condition": "shaman",
      "condType": "equal",
      "condValue": "6",
      "talkNext": "shaman",
      "advances": "shaman"
    },
    {
      "text": "I have a tremendous task to ask you, Lucy, one that hope you will forgive me for putting on your shoulders. You are young and have always been stubborn and unwilling to accept the restrictions that our village has wanted to put on young ladies. Playing soldier with boys and climbing the tallest trees to prove you were braver than the boys. But at the same time, you were always compassionate to all around, bringing home wildlife for me to tend and heal.  Because of this, you are the only one I can trust with this task.",
      "condition": "shaman",
      "condType": "equal",
      "condValue": "7",
      "talkNext": "lucy",
      "advances": "shaman"
    },
    {
      "text": "There is a cave not far from the village that supposedly holds a magical item that can communicate with animals and beast. It is only visible to those that are deemed pure of heart.  I myself have never been to this cave, but I know many in town know of its location. I need you to find the location of this cave and get that item. It may be the key to finding out why the dragon is attacking.  But you must hurry!",
      "condition": "shaman",
      "condType": "equal",
      "condValue": "9",
      "talkNext": "shaman",
      "advances": "shaman"
    },
    {
      "text": "Bye now, I'm going to eat my sandwich.",
      "condition": "shaman",
      "condType": "equal",
      "condValue": "10",
      "talkNext": null,
      "advances": "shaman"
    },
    {
      "action": "exit",
      "condition": "shaman",
      "condType": "equal",
      "condValue": "11",
      "advances": "shaman"
    }
  ],
  "npc1": [
    {
      "action": "arriverand",
      "condition": "shaman",
      "condType": "equal",
      "condValue": "11",
      "advances": "npc1"
    },
    {
      "text": "That dragon just swooped in from the North. Must have come from Mt. KillAllMenWhoEnter.  I wonder how long it has been there.",
      "condition": "npc1",
      "condType": "equal",
      "condValue": "1",
      "talkNext": null,
      "advances": "npc1"
    }
  ],
  "npc2": [
    {
      "action": "arriverand",
      "condition": "shaman",
      "condType": "equal",
      "condValue": "11",
      "advances": "npc2"
    },
    {
      "text": "First, we hear reports of an invading army from the east, and now this.  What is this world coming too?!",
      "condition": "npc2",
      "condType": "equal",
      "condValue": "1",
      "talkNext": null,
      "advances": "npc2"
    }
  ],
  "npc3": [
    {
      "action": "arriverand",
      "condition": "shaman",
      "condType": "equal",
      "condValue": "11",
      "advances": "npc3"
    },
    {
      "text": "Did you hear about the Floyd’s boys? I guess those two rascals decided to go exploring “The Demon's Cave” down to the south east and came running back scared. They refuse to talk about what they saw there.  I would probably stay away from that cave.",
      "condition": "npc3",
      "condType": "equal",
      "condValue": "1",
      "talkNext": null,
      "advances": "npc3"
    }
  ],
  "npc4": [
    {
      "action": "arriverand",
      "condition": "shaman",
      "condType": "equal",
      "condValue": "11",
      "advances": "npc4"
    },
    {
      "text": "OH NO DRAGON!! (Imagine I sound very panicked!!!)",
      "condition": "npc4",
      "condType": "equal",
      "condValue": "1",
      "talkNext": null,
      "advances": "npc4"
    }
  ],
  "npc5": [
    {
      "action": "arriverand",
      "condition": "shaman",
      "condType": "equal",
      "condValue": "11",
      "advances": "npc5"
    },
    {
      "text": "My necklace, oh where is my necklace??? I need it to talk to animals.",
      "condition": "npc5",
      "condType": "equal",
      "condValue": "1",
      "talkNext": null,
      "advances": "npc5"
    }
  ],
  "dragon": [
    {
      "text": "Why have you come into my lair?!?! Have you come to try to kill me foolish human?!?!",
      "condition": "pendant",
      "condType": "equal",
      "condValue": "1",
      "advances": "pendant",
      "talkNext": "lucy"
    },
    {
      "text": "I am hungry, the war from the east have made the animals of the forest run.  I am out of options. And your town is called Town of Sandwich. And I love sandwiches!",
      "condition": "pendant",
      "condType": "equal",
      "condValue": "3",
      "advances": "pendant",
      "talkNext": "lucy"
    },
    {
      "text": "I will agree to your terms, if your people will as well. Thank you and may us destroy this evil together!!",
      "condition": "pendant",
      "condType": "equal",
      "condValue": "5",
      "advances": "pendant"
    },
    {
      "text": "RAAAAWWWWWRRRRRR!!!!!!!  **You should run!!**",
      "condition": "pendant",
      "condType": "equal",
      "condValue": "0"
    }
  ]
}
